klass,antal,medel_poäng,median_poäng,std_poäng,medel_timmar
A,25,85.72,89.0,11.90070025950854,5.184
B,27,73.14814814814815,70.0,13.86390916040556,4.685185185185185
C,26,71.3076923076923,70.0,9.92680907752025,3.9153846153846152
